﻿<parameters>
  <parameter name="IIS Web Application Name" defaultValue="Default Web Site/SisUrbe" tags="IisApp">
    <parameterEntry kind="ProviderPath" scope="IisApp" match="^C:\\Projects\\SysCEF\\trunk\\SysCEF\.Web\\obj\\Debug\\Package\\PackageTmp$" />
    <parameterEntry kind="ProviderPath" scope="setAcl" match="^C:\\Projects\\SysCEF\\trunk\\SysCEF\.Web\\obj\\Debug\\Package\\PackageTmp$" />
  </parameter>
  <parameter name="SysCEFConnectionString-Deployment Connection String" defaultValue="" tags="SqlConnectionString">
    <parameterEntry kind="ProviderPath" scope="dbFullSql" match="^C:\\Projects\\SysCEF\\trunk\\DB\\SysCEF_Permissoes\.sql$" />
    <parameterEntry kind="ProviderPath" scope="dbFullSql" match="^C:\\Projects\\SysCEF\\trunk\\DB\\SysCEF_ScriptCriacaoTabelas\.sql$" />
  </parameter>
  <parameter name="SysCEFConnectionString-Web.config Connection String" description="SysCEFConnectionString Connection String used in web.config by the application to access the database." defaultValue="Data Source=N070\SQLEXPRESS;Initial Catalog=SisUrbe;Integrated Security=True" tags="SqlConnectionString">
    <parameterEntry kind="XmlFile" scope="C:\\Projects\\SysCEF\\trunk\\SysCEF\.Web\\obj\\Debug\\Package\\PackageTmp\\Web\.config$" match="/configuration/connectionStrings/add[@name='SysCEFConnectionString']/@connectionString" />
  </parameter>
</parameters>